00.01.Navigations,,List of Knowledge Contributions ‚Äì KNIFES,,,,,,,,,,,,,,,
,,,,,,,,,,,,,,,,,
ID,Category,Short Title,Status,Type,Priority,Description,Date of Record,"Context, Origin, Why it was initiated?",Technology,SFIA ‚Äì Level,SFIA ‚Äì Domain (?),SFIA ‚Äì Maturity,Related KNIFE,Tags,Potential Outputs,Owner,Comment
K000001,,EA modelovanie a motiv√°cia,hotov√©,Metodika / N√°stroj,üéØ,Syst√©m motiv√°cie pomocou l√≠zaniek a sp√§tnej v√§zby,01.03.2024,"Jedno z prv√Ωch TERNO, vzniklo pri n√°vrhu syst√©mu motiv√°cie v r√°mci t√≠mu",,2,Business Analysis / Modelling,Diagrammatic,,,,,
K000002,Verzionanie-sdlc,Git workflow pre EA modely,v procese,Integr√°cia,üî•,"Multirelease strat√©gie, LemonTree, merge politiky",04.03.2024,Zalo≈æen√© na re√°lnej potrebe rie≈°i≈• multirelease workflow pre EA,,3,Configuration Management,Tool-based,,,,,
K000003,Platformy,LibreOffice + Python integr√°cia,v procese,V√Ωvoj / Integr√°cia,üî•,Skriptovanie v LO cez Python a venv izol√°cie,08.03.2024,Reakcia na po≈æiadavku na modern√Ω v√Ωvoj v LibreOffice ‚Äì Python/venv,,3,Software Development,Scriptable,,,,,
K000004,Technologie,Docker pre ≈°tudentov (K12),pl√°novan√©,Edukaƒçn√©,üß†,Zjednodu≈°en√© n√°vody a obr√°zky pre zaƒçiatoƒçn√≠kov,20.03.2024,Vzniklo ako n√°vrh edukaƒçn√©ho materi√°lu pri tvorbe kurzov pre Docker,,2,DevOps / Infrastructure,Learning-based,,,,,
K000005,RiverOfMyLife,BaZi pre racion√°lne du≈°e,zaraden√©,Osobn√Ω rozvoj / Algoritmika,üí°,Sebapoznanie cez d√°tum a ƒças narodenia (BaZi),18.04.2025,Z√°znam vznikol poƒças diskusie o TCM a racion√°lnom pr√≠stupe k BaZi,,2,Knowledge Engineering,Exploratory,,,,,
K000006,,T√≠mov√° spr√°va pr√°v v Gitea,pripomen√∫≈•,Spr√°va / Pr√°va,üìå,"Rozdelenie pr√°v podƒæa t√≠mov, chr√°nen√© vetvy, PR politiky",08.04.2024,Zaznamenan√© poƒças diskusie o Gitea pr√°vach a workflow ‚Äì T002,,3,Configuration Management,Tool-based,,,,,
K000007,,Helper skript na obr√°zky v Markdown,akt√≠vne,Automatiz√°cia,‚öôÔ∏è,Generovanie obr√°zkov√Ωch blokov do .md vr√°tane URL,17.04.2024,Vzniklo pri n√°vrhu Markdown workflow helpera ‚Äì s√∫visiace s T007,,2,General Knowledge Work,Adaptive,,,,,
K000008,,DCMM a DAO ‚Äì hodnota leadershipu,pl√°novan√©,Hodnoty / Strategick√©,üß≠,"Sebariadenie, d√¥vera a samoƒçistiace syst√©my",04.04.2024,Diskusia o leadership kvalite v r√°mci strategick√Ωch t√©m ‚Äì T008,,2,Business Analysis / Modelling,Diagrammatic,,,,,
K000009,,LinkedIn post engine ‚Äì AI automatiz√°cia,koncept,Marketing / AI,üß™,Generovanie postov na LinkedIn z obsahu,10.04.2024,"My≈°lienka z praxe na LinkedIn, s√∫vis s T009 a zdieƒæan√≠m obsahu",,2,General Knowledge Work,Adaptive,,,,,
K000010,,OpenAI klient ‚Äì vlastn√° AI komunik√°cia,zaƒçiatok,V√Ωvoj / AI,‚ö°,Appka s prepojen√≠m na OpenAI API a arch√≠v komunik√°cie,13.04.2024,"Zaƒçiatok v√Ωvoja AI n√°stroja, s√∫vis√≠ s pl√°nom T018",,2,General Knowledge Work,Adaptive,,,,,
K000011,LO v√Ωvoj,Main.xba ≈°abl√≥na pre LO Basic,v backlogu,≈†abl√≥ny / LO,üß±,Z√°kladn√° ≈°tartovacia kni≈ænica makier v LibreOffice,09.04.2024,T√©ma makier v LibreOffice ‚Äì samostatn√Ω ≈°tartovac√≠ modul,,2,General Knowledge Work,Adaptive,,,,,
K000012,,EA Workflow Add-In ‚Äì pokroƒçil√© ≈°abl√≥ny,v backlogu,EA Add-In,üìÇ,Workflow pre pokroƒçil√Ωch analytikov v EA,10.04.2024,Roz≈°√≠renie pre EA Add-In v r√°mci T012,,3,Configuration Management,Tool-based,,,,,
K000013,,ReadOnlyControl v EA ‚Äì Workflow Add-In,koncept,EA Add-In,üîí,Obmedzenie pr√°v v EA na z√°klade kontextu a roly,10.04.2024,Doplnok k EA Add-In ‚Äì konkr√©tne obmedzenia pr√°v (ReadOnly),,3,Configuration Management,Tool-based,,,,,
K000014,,Mana≈æ√©r kni≈æn√≠c pre LO Basic,n√°vrh,LibreOffice / Kni≈ænice,üìö,Naƒç√≠tanie a spr√°va kni≈æn√≠c v LO Basic,10.04.2024,N√°stroj pre spr√°vu LO kni≈æn√≠c ‚Äì samostatne definovan√Ω,,2,General Knowledge Work,Adaptive,,,,,
K000015,LO V√Ωvoj,LibreOffice Basic ‚Üí Python migr√°cia,akt√≠vne,Migr√°cia / V√Ωvoj,üîÅ,Konverzia VB makier do Python skriptov,13.04.2024,Migr√°cia z VB do Python ‚Äì vzniklo poƒças T003 a T014,,3,Software Development,Scriptable,,,,,
K000016,,Helper skript pre LO symbolic link,v testovan√≠,Skriptovanie / LO,üß™,Obnova symbolic linku pre user/scripts/,13.04.2024,Podpora pre v√Ωvojov√© prostredie LO ‚Äì vzniklo poƒças T015,,2,General Knowledge Work,Adaptive,,,,,
K000017,,AI-powered TERNO Planner,koncept,Pl√°novanie / AI,üìÖ,N√°stroj na spr√°vu a sledovanie TERNA z√°znamov,16.04.2025,Zaznamenan√© poƒças n√°vrhu pl√°novania TERNA ‚Äì prehƒæadov√Ω modul,,2,General Knowledge Work,Adaptive,,,,,
K000019,,"BaZi v√Ωpoƒçty ‚Äì algoritmus, hodiny, kalend√°r",zaraden√©,Algoritmika / Osobn√Ω rozvoj,üß†,"V√Ωpoƒçtov√Ω r√°mec BaZi v Pythone alebo Exceli, denn√© a hodinov√© anal√Ωzy, poradca",18.04.2025,Roz≈°√≠renie T005 ‚Äì potreba v√Ωpoƒçtu BaZi a hodinovej anal√Ωzy,,2,Knowledge Engineering,Exploratory,,,,,
K000020,LO Platforma pre komunitu,LibreOffice ako komunitn√° platforma,koncept,Strategick√© / Komunitn√©,üåç,"Podpora LO ako otvoren√©ho, komunitn√©ho ≈°tandardu pre udr≈æateƒæn√© rie≈°enia",10.04.2025,Podpora LO ako komunitn√©ho n√°stroja v r√°mci T003,,3,Software Development,Scriptable,,,,,
K000021,,Princ√≠p udr≈æateƒænosti v architekt√∫re,koncept,Metodika / SDLC,üå±,Architektonick√© a dizajnov√© rozhodnutia s ohƒæadom na stabilitu a dlhodobos≈•,,Princ√≠p objaven√Ω poƒças reflexie SDLC v T004 a T008,,2,General Knowledge Work,Adaptive,,,,,
K000022,,TERNO ‚Äì terapeutick√© formy uƒçenia,pl√°novan√©,Edukaƒçn√© / Kult√∫rne,üé≠,"Satira, em√≥cie a storytelling ako forma v√Ωuky a reflektovania reality",20.03.2025,Diskusia o forme uƒçenia poƒças pl√°novania T004,,2,Learning Design,Teaching-oriented,,,,,
K000023,,AI interakcie ‚Äì ƒçasov√° os a em√≥cie,v n√°vrhu,AI / UX / Sebapoznanie,üß≠,"Zaznamen√°vanie mal√Ωch interakci√≠, small-talkov a sp√§tn√Ωch v√§zieb pre orient√°ciu v ƒçase",13.04.2025,Reflexia poƒças n√°vrhu AI klienta ‚Äì T018,,2,General Knowledge Work,Adaptive,,,,,
K000024,,OneNote ako zdroj metad√°t pre AI,v n√°vrhu,Integr√°cia / Pozn√°mky,üóÉÔ∏è,Prep√°janie osobn√©ho pozn√°mkov√©ho syst√©mu s AI klientom a projektmi,13.04.2025,V√§zba medzi OneNote a projektov√Ωm mana≈æmentom ‚Äì T017,,2,General Knowledge Work,Adaptive,,,,,
K000025,,Kategoriz√°cia TERNO podƒæa SDLC a 7D,zaraden√©,Metodika / Evidencia,üìä,Zaradenie ka≈æd√©ho TERNO podƒæa f√°zy v√Ωvoja a vedomostnej discipl√≠ny,01.03.2025,Systematiz√°cia potreby klasifikova≈• TERNA ‚Äì vzniklo pri tvorbe SSOT,,2,General Knowledge Work,Adaptive,,,,,
K000026,Framework / Edukaƒçn√©,"KNIFE Framework pre v√Ωvoj a uƒçenie sa (LibreOffice, Python)",v procese,Framework / Metodika / Edukaƒçn√Ω z√°klad,üî•,"Jednotn√Ω r√°mec pre budovanie, testovanie a uƒçenie sa v mal√Ωch krokoch pomocou LibreOffice + Python. Ka≈æd√Ω krok reprezentuje samostatn√∫ jednotku (TERNO), ktor√∫ je mo≈æn√© testova≈• a sp√§tne dohƒæada≈•. Vhodn√© na v√Ωuku aj profesion√°lny v√Ωvoj.",20.04.2025,"Pri v√Ωvoji Personalised Calendards vznikla potreba vytvoriƒç si ‚ÄûDieƒæ≈àu‚Äú pre LO,Projekt 05-LibreOffice, prieƒçinok 01-PersonalisedCalendars/01-Basic-Calendar/4/terno-framework","LibreOffice, Python, VS Code, Testovanie, JSON, Git",3,Software Development,Scriptable,,,,,
K000027,Versioning / Git,Git For Dummies ‚Äì Central Concepts,v pr√≠prave,Edukaƒçn√© / Praktick√©,üéØ,"Jednoduch√© vysvetlenie Git z√°kladov pre zaƒçiatoƒçn√≠kov v GitEA (organiz√°cia, repozit√°r, working directory, atƒè.)",28.04.2025,Vzniklo ako z√°kladn√Ω materi√°l pre ≈°kolenie GitEA procesov a t√≠mov√∫ pr√°cu,"Git, GitEA",2,Software Configuration,Learning-based,,,,,
K000028,CASO-CASA,"Context Aware System Ontology, Approach",v pr√≠prave,Metodika/Framework,,"Ka≈æd√© rie≈°enie je o kontexte. Neexistuje jeden n√°stroj na v≈°tky probl√©my. Toto zasahuje do filozofie. 
V≈°etko je riaden√© spoloƒçn√Ωmi princ√≠pmy, d√° sa uƒçi≈• od star≈°√≠ch discipl√≠n a u≈°etri≈• ƒças. TRIZ, ",11.05.2025,"9.5. som sa op√Ωtal na Orchideu, koƒæko m√° vlastne lupienkov‚Ä¶. 
Vznikol z toho koncept CASO, CASA, a ƒèal≈°ie dial√≥gy. O TRIZ ‚Ä¶ Epistemiologii ‚Ä¶SFIA,",,"6,7","Enterprise and Business Architecture (STPL, ARCH) Information Strategy (ITSP) Innovation (INOV) Change Implementation (CIPM) Methods and Tools (METL) Organizational Capability Development (OCDV) ",Expert,#28-CASA,,,,
K000029,Platformy=OOODEV 4 LO,Prostredie v√Ωvojov√© python pre LO,rie≈°en√©,V√Ωvoj ‚Äì Integr√°cia,üî•,"Profi prostredie pre pyhton dev v LO, OOODEV",16.05.2025,"Po nekonecnych konfiguraciach som poziadal GPT nech najde profi riesenie. Doporucil OOPDEV, tak to idem overit","LO, OOODEV","6,7",Software Development,Solution Architect,,,,,
K000030,GitHUB pages ‚Äì Edu,Pr√≠beh poznania SDLC,V rie≈°en√≠,Vzdel√°vanie-Marketing,üî•,"Pripravujem vzdel√°vacie kurzy, marketing cez LI, PT, YT, keby som priebezne zverejnoval svoju cestu, mal by som co pisa≈• a bolo by to v kontexte KM, SDLC",17.05.2025,"Priprava FIIT, odchad z 365, potreba za zviditelnit a pripadne aj zarobit, dotiahnut projekty, produkty","GitHUB, EA, Python","Level 3 ‚Äì Apply ‚Üí samostatn√° pr√°ca
Level 5 ‚Äì Ensure, Advise ‚Üí zodpovednos≈• za kvalitu, konzultant
Llevel 6 ‚Äì Initiate, Influence ‚Üí strategick√° iniciat√≠va","KM (Knowledge Management), EDS (Education), ITMG (Information Technology Management)",Self learning, ,,,,
K000031,SDLC framework,‚ÄûDocument-as-Code‚Äú framework,V rie≈°en√≠,Praktick√© pou≈æ√≠vanie na v√Ωuku SDLC,üî•,"Tvorba dokumentov ako SDLC proces. Diplomovky, sprievodn√° dokument√°cia pre z√°kazn√≠klov, ‚Ä¶.",18.05.2025,"Pri vytvaran√≠ frameworku pre publikovanie na LI, PT, YT sme dosli k tomuto rie≈°eniu na GITHUB ako Pages‚Ä¶.","GITHyb, Pages, ","Level 4 ‚Äì Enable (alebo L5 ‚Äì Ensure, ak sa zav√°dza vo firme)","NOV, METL, DTAN, DESN, DOCU",3 ‚Äì Defined (mo≈æno dor√°s≈• na 4 ‚Äì Managed),"üìò SFIA vysvetlenie:
SFIA prvok
V√Ωznam v kontexte Document-as-Code
Level 4
Umo≈æ≈àuje ≈°tandardizovan√© pou≈æitie vo v√Ωuke alebo t√Ωme
INOV
Inov√°cie pracovn√Ωch postupov
METL
Metodiky v√Ωvoja a dokument√°cie
DTAN
Digit√°lna anal√Ωza procesov a v√Ωstupov
DESN
Tvorba ≈°trukt√∫r obsahu (dizajn dokument√°cie)
DOCU
Spr√°va ≈æivotn√©ho cyklu dokumentov a ich prepojen√≠
",,,,
K000032,SDLC framework / Release management,‚ÄûEnterprise Document-integrated SDLC‚Äú,V n√°vrhu (alebo V rie≈°en√≠ ‚Äì podƒæa teba),"Firemn√© pou≈æitie, governance, traceability",üî•üî•,"Zavedenie Git-based dokumentaƒçn√©ho frameworku pre prepojenie po≈æiadaviek, rozhodnut√≠ a architekt√∫r naprieƒç SDLC vo firemnom prostred√≠ s mno≈æstvom stakeholderov, JIRA taskov, extern√Ωch dod√°vateƒæov a zlo≈æit√Ωm change mana≈æmentom.",18.05.2025,"Zistenie, ≈æe dokumenty, ktor√© ovplyv≈àuj√∫ produkt a organiz√°ciu, musia by≈• verzovan√© a auditovateƒæn√© ako k√≥d. Git a Pages umo≈æ≈àuj√∫ prepojenie decision trailu s produktov√Ωmi releasmi.","GitHub, Gitea, Pages, MkDocs, Mermaid, Git Actions",Level 5 ‚Äì Ensure / Advise,"GOVN, METL, RELM, DESN, DOCU, SUBD, INOV",2‚Äì3 (Repeatable ‚Üí Defined),,,,,
K000033,Smalltalk ako n√°stroj flow a kontextu,Smalltalk ako n√°stroj flowu a kontextu,V rie≈°eni,Metodika / Psychol√≥gia pr√°ce / Kult√∫ra t√≠mu,üî•üî•,,20.05.2025,,,,,,,,,,
K000033,Psychol√≥gia pr√°ce / Kontext / Kult√∫ra t√≠mu,Smalltalk ako n√°stroj flowu a kontextu,N√°vrh (draft),Metodika,Stredn√° a≈æ vysok√°,"Zber a reflexia neform√°lnych v√Ωrokov (smalltalkov) ako podpora t√≠movej pohody, flow a bezpeƒçn√©ho kontextu.
Zber a ≈°trukt√∫rovan√° reflexia neform√°lnych v√Ωrokov (‚Äûsmalltalkov‚Äú) v r√°mci dial√≥gu s AI. Smalltalky funguj√∫ ako mikrosp√∫≈°≈•aƒçe pohody, humoru alebo hlb≈°√≠ch vhƒæadov a podporuj√∫ kontextov√∫ s√∫dr≈ænos≈•, flow atmosf√©ru a psychologick√∫ bezpeƒçnos≈•",20.05.2025,"Vzniklo poƒças spolupr√°ce Roman K. + GPT ako reakcia na potrebu zachyti≈• ƒæudsk√Ω rozmer technick√Ωch rozhovorov.
Vzniklo v r√°mci konverz√°ci√≠ s AI (Roman K.), ako reakcia na potrebu udr≈æa≈• ‚Äûƒæudskos≈•‚Äú a kontinuitu medzi technick√Ωmi a osobn√Ωmi t√©mami.","Markdown, GitHub, AI-dialogue, Prozaick√° kult√∫ra",3‚Äì5,"People management, Knowledge sharing, Collaboration",Emerging,"K000002, K000010, K000015, K000021","smalltalk, flow, psychol√≥gia pr√°ce, humor, kult√∫ra t√≠mu","SMALLTALKs.md, ƒçl√°nok, podcast, onboarding booklet",Roman K.,
K000036,Profesia Architekt urbanista na Slovensku,"Pracovno, finanƒçn√Ω ekosyst√©m",n√°vrh,Ako na to?,Vysok√°,"Absolventi architekt√∫ry u≈æ poƒças ≈°t√∫dia s√∫ selektovan√≠  z komerƒçn√Ωch ateli√©rov. Pon√∫kaj√∫ im brik√°dy, pr√≠padne dohody o vykonan√≠ pr√°ce, za cenu nekvalifikovan√Ωch robotn√≠kov.
Po skonƒçen√≠ univerzity, sa ≈°tudenti dost√°vaj√∫ do role ≈æivnostn√≠kov, ale rozpr√°vaj√∫ sa s nimi ako zo zamestnancami.
Je potrebn√© mlad√Ωm ƒæuƒèom jednoduch√Ωm jazykom vysvetli≈• kontext Slovensk√©ho pr√°va, ak√Ωmi z√°konmi sa riadi a ako si maj√∫ vybra≈• akou formou bud√∫ spolupracova≈•.",25.05.2025,"S dc√©rou, ktor√° konƒç√≠ arhitekt√∫ru sa rozpr√°vame o bud√∫cnosti. Z rozhovorou c√≠tim, ≈æe mlad√≠ architekti nemaj√∫ spr√°vne inform√°cie a znalosti o pr√°vnom, ekonomickom a finanƒçnom kontexte svojho statusu voƒçi partnerom v bran≈æi.","Slovensk√© pracovno pr√°vne pr√°vo, obchodn√Ω z√°konn√≠k, da≈àov√© z√°kony.",?,?,?,?,Pracovn√© pr√°vo ,KNIFE na Githube,Roman K.,
K000037,CAS-ContextAwareSolutions,"Context Aware Solutions / paradigma, solution",inprogress,,Vysoka,,26.05.2025,"postupne, ako som si robil kazno ako bude cely ekosystem vyzerat, som prisiel na staru myslienku Kontext je klucovy‚Ä¶",,,,,,,,,
K000038,SSL certificates DIY,Ako si vyrobit automaticke nastavovanie SSL,finished,User guide,done,"Pre FIIT PROLABORATE potrebujem SSL certifikaty, ako pre zakaznikov ako Dusan",28.05.2025,"Pri obnovovani SSL certifkatov som zabijal kopec casu, teraz mam script",,,,,,,,,
K000039,‚ÄûAdvanced GitHub KM Layer‚Äú,Sementicke a kontextove vyhladavanie nad GitHUB,Init,Advance features,Middle,"Nestaci mat len data a informacie, je nevyhnutne ich spajat a dotazovat sa",28.05.2025,"Pocas pripravy struktury CAS , KNIFE licencii, biznis modelu som dosiel na chybajucu vlastnost=kontextove vyhladavanie nad GITOM",,a,,,,,,,
K000040,Publishing,Migracia Joomla -->GitHUB MkDocs,Init,Publishing,Middle,"Zachova≈• hist√≥riu kurzu (2017‚Äì2025), udr≈æa≈• v≈°etko v jednom hlavnom repozit√°ri",06.06.2025,"Pocas pripravy STH-SDLC 2025-2026 a pocas skumania GitHUB Sites, MkDocs som dospel k nazoru, ze by bolo suber premigrovat 
Migr√°cia uƒçebn√Ωch materi√°lov zo star√©ho CMS (Joomla) do modernej dokumentaƒçnej platformy
","JOOMLA, GIRHUB, J2XML, J2MD",,,,,,,,
K000041,Education Framework,GitHUB Education Framework,init,Education Framework,Middle,"Zastre≈°uj√∫ci r√°mec pre vzdel√°vacie kurzy na GitHube (GitHub Classroom, Pages, Docs gener√°tory). Definuje z√°sady, ≈°abl√≥ny, publishing flow a metriky.Skillmea, SEDUO maju vlastny framework , uvodny trailer, potom odskok do platenej verzie. To iste sa da aj na GitHUB.",10.06.2025,"Pri pr√≠prave STH2025‚Äì2026 sa uk√°zalo, ≈æe GitHub + Pages + gener√°tory poskytuj√∫ kompletn√Ω, otvoren√Ω a bezplatn√Ω edukaƒçn√Ω stack.Pocas pripravy STH2025-2026- som si uvedomil, ze GitHub, HitHUb Class, Sites, MkDOks umoznuju vytvorit cely ekosystem. A zadarmo.","GitHUB, Active Presenter",,Learning-based / Methods & Tools,,,"Educations, Frameworks",Framework,ROKA,
K000042,SPA-Framework,SinglePageApplication ‚Äì Webabased desktop app,init,SPA framework,Low,"GitHUb je zaklad aj pre vyvoj aplikacii nezavislych na koncovom zariadenie SPA
Je to obrovsky priestor pre tvor bu vlastnych aplikacii ako KnowMyself",17.06.2025,"Pocas pripravy webinara GitDos-Demo som si uvedomil, ze samotne nastroje pre dokumentovanie vyuzivaju VSC ako Web. Komplexne GUI ale na webe.","GitHUB, VUE, ‚Ä¶",,,,,"Solution Development,
Framework",Framework,ROKA,
K000043,AI based training,Kontrola odpoved√© ≈°tudentov pomocou API na AI,in Progress,AI in education,Middle,Pre veƒæk√Ω poƒçet ≈°tudentov nie je mo≈æn√© kontrolova≈• odpovede na voƒæn√© ot√°zky. AI by mohlo pom√¥c≈•.,21.06.2026,"Poƒças pr√≠pravy repozit√°rov pre STH2025 rie≈°im aj kontroly a komunik√°ciu so ≈°tudentami. Je toho more, ale AI s API by bolo super.",API GPT,,,,,,,,
K000044,BACKUP,OneDrive backup to external disk on QNAP,inProgress,How To,TOP,"This KNIFE explains how to create a full backup of your OneDrive data in cases where the local disk does not have sufficient capacity to mirror the entire cloud content. When 'Files On-Demand' is enabled, standard tools are unable to copy files ‚Äì they can at best read their metadata. However, using tools like `rclone`, it becomes possible to back up the cloud directly without needing local mirroring.",27.07.2025,"Microsoft offers cloud storage up to several terabytes, but over time each storage fills up. At that point, you either have to buy more space or clean up existing data.
¬†
I wanted neither. Since I had enough free capacity on an external disk connected to my QNAP NAS, I decided to create a complete copy of my OneDrive there.
¬†
I had no idea it wouldn't be a trivial task.","rclone, Mac OS, QNAP",,,,,,,,
K000045,ESG- Kr√°tky √∫vod,Z√°kladn√© inform√°cie o ESG,Init,Education Explanantion,Low,"Environment, Social, Government is crutial topic for human being survival. It is important to understand  the background",28.07.2025,"I have attended mandatory training in 365 bank. Excellent lector, important topic.","Heart, Brain",,,,,,,,
K000046,UserGuide,Thunderbird ‚Äì Archive-export,done md,HowTO,Low,Omylom som poslal e-mail do archivu. Mam v  poste asi 60GB udajov. Ako to riesit?,04.08.2025,"Pri rutinnej pr√°ci som omylom poslal e-mail do arch√≠vu. Napadlo ma, ≈æe sa nieƒço nov√© nauƒç√≠m. Mo≈æno u≈°etr√≠m diskov√∫ kapacitu a nestrat√≠m mo≈ænos≈• vyhƒæad√°va≈• v hist√≥rii",Thunderbird,Intermediate,IT Communication,Basic,Thunderbird_Import_Helper.md üîÑ,,,,
K000047,In≈°pir√°cie,"KNIFE047_Reflexia_a_epistemologia.md
KNIFE047 ‚Äì 7S Cycle of Meaningful Knowledge
KNIFE047 ‚Äì Epistemol√≥gia 4Curiosis",,,,,04.08.2025,,,,Social Communities,,,,,,
K000048,User Guide,AI ‚Äì Agent in OpenGPT,in progress,HowTo,Low,,04.08.2025,,,,,,,,,,
K000049,UserGuide,"KNIFE049 ‚Äì Vyhƒæad√°vaƒç nad OpenGPT hist√≥riou
",,,,,04.08.2025,,,,,,KNIFE049_Vyhladavac.md,,,,
K000050,User Guide,"Open GPT, vytv√°ranie prompt instructions",In progress,,,Vznizkli instrukcie pre zvedavych‚Ä¶,04.08.2025,,,,,,,,,,
K000051,Marketing,Google analytics ‚Äì Fundamentals,new,HowTo,Low,Bez sp≈àtnej v√§zby je v≈°etko n√°roƒçnej≈°ie. GA4 poskytuje marketingov√© sp√§tn√© v√§zby,04.08.2025,,,,,,,,,,
K000052,Framework / Edukaƒçn√©,GitHub LMS Framework ,new,Education Framework,duplicity K000041,,04.08.2025,,,,,,,,,,
K000053,Framewok for Project Management,Framework for Project Management in GitHUB,new,SDLC framework,low,"M√°m stra≈°ne veƒæa t√©m, veƒæa √∫loh, ako to mana≈æova≈•, aby som sa neutopil v nesplnen√Ωch √∫loh√°ch, pr√≠padne nezabudol na d√¥le≈æit√© t√©my a neobjavoval ich znova a znova?",10.08.2025,,,,,,,,,,
K000054,Best Practice,Docusaurus Advanced Deployment Pipeline,new,"‚ÄûAko si nastavi≈• build a deploy tak, aby ≈•a chr√°nil pred sebou sam√Ωm.‚Äú",,"Kontrola referenci√≠ v Docusaurus/MkDocs
	‚Ä¢	DRY-run, strict a full link-check, detekcia ch√Ωb na zaƒçiatku procesu
	‚Ä¢	Prevencia ‚Äún√°≈°ƒæapn√Ωch m√≠n‚Äù pred buildom
	‚Ä¢	Mo≈ænos≈• zaradi≈• ako QA krok do CI/CD",10.08.2025,,,,,,,,,,
K000055,Best Practice,Ako obnovi≈• stav z minulosti?,inprogress,Obnov mi dobr√© √∫daje,now,"Ako si obnovi≈• pokazn√© s√∫bory? Ak m√°m v minulosti zachyten√© dobr√© √∫daje, nie je probl√©m sa k nim vr√°ti≈•.
	stash, branch sandbox, pr√°ca mimo main
	‚Ä¢	Obnova prieƒçinkov alebo s√∫borov z konkr√©tneho commitu
	‚Ä¢	Praktick√© situ√°cie, kedy to pou≈æi≈•, a ako sa vyhn√∫≈• strate d√°t",10.08.2025,,,,,,,,,,
K000056,Best Practice,Central Panel for GIT ‚Äì SDLC Git Management Makefile,done md,Spr√°va s√∫borov s git odporou,,"‚Ä¢	Jeden Makefile ako ‚Äûsingle point of control‚Äú
	‚Ä¢	V≈°etky Git oper√°cie, build/deploy, kontrola odkazov, sandbox, stash management
	‚Ä¢	Prepojenie s princ√≠pom 3√ó mera≈•, raz reza≈•
	‚Ä¢	Mo≈ænos≈• adaptova≈• pre r√¥zne gener√°tory HTML (Docusaurus, MkDocs, Hugo‚Ä¶)
Podƒæa m≈àa by si to mohol v KNIFE_Overview zaradi≈• aj ako tematick√∫ trojicu pod spoloƒçn√Ω tag, napr.
[KNIFE: Git-SDLC-Tools] alebo [KNIFE: Git-Advanced].
Tak sa to d√° pekne pou≈æi≈• aj v kurze ako jedna lekcia s troma kapitolami ‚Äì kontrola, obnova, centr√°lne riadenie.",11.08.2025,,,,,,,,,,
K000057,Management-Reporting,AI Agent na monitoroavanie n√°kladov OpenGPT,new,Reporting nad komunik√°ciou s OpenGPT formou AI Agenta,now,"Automatick√© reportovanie vstupn√Ωch a v√Ωstupn√Ωch tokenov.Presne tak ‚Äì toto m√° perfektn√Ω predpoklad sta≈• sa AI Agentom, ktor√Ω:
Vie ƒç√≠ta≈• tvoje konverz√°cie z dan√©ho projektu.
Vie ich prepoji≈• s tvojimi tagmi (napr. K000055, Docusaurus, SDLC‚Ä¶)
Vie spravi≈• sum√°r tokenov a n√°kladov za ƒæubovoƒæn√© obdobie.
Vie urobi≈• porovnanie medzi projektmi (napr. ‚ÄúGitHub LMS‚Äù vs ‚ÄúKNIFE‚Äù).
Vie urobi≈• ranking ‚Äì najdrah≈°√≠ de≈à, t√©ma, alebo dokonca konkr√©tny prompt.
Tak√Ωto agent by si vedel zapn√∫≈• aj naprieƒç v≈°etk√Ωmi projektmi a raz za mesiac ti poslal ‚Äúvy√∫ƒçtovanie‚Äù + ‚ÄúTop 5 t√©m, ktor√© p√°lili tokeny‚Äù + odhadovan√∫ hodnotu v eur√°ch.
Ak chce≈°, m√¥≈æem ti teraz:
Urobi≈• retro-v√Ωpoƒçet tokenov pre tento projekt (od zaƒçiatku).
Pripravi≈• ≈°abl√≥nu AIAgenta na token tracking, ktor√∫ by si potom vedel spusti≈• v akomkoƒævek projekte.
",11.08.2025,"V jednom okamihu sa komunik√°cia zastavila na strane GPT  st√Ωm, ≈æe m√° n√°roƒçn√∫ ulohu, ale ≈æe dnes to bude. Tak ma napadlo, koƒæko tak√© ‚Äûkecanie‚Äú konzumuje tokenov. Super pr√≠prava pre vlastn√© API rie≈°enia",,,,,,,,,
K000058,Management-Reporting-from the Past,AI Agent na monitoroavanie n√°kladov OpenGPT od poƒçiatku komunik√°cie,new,Reporting od zaƒçiatku komunik√°cie,now,"Ak√° bola intenzita komunik√°cie od zaƒçiatku, koƒæko by to st√°lo cez API, Ktor√© t√©my skonzumovali najviac energie?",11.08.2025,,,,,,,,,,
K000059,Methodology,STEM a Makerspace ako metodika vzdel√°vania,New,Syst√©m pre vzdel√°vanie,now,Spoljupracujem s Makerspace od roku 2016. POJEM STEM  som priprodzene zahrnul do  svojich metod√≠k. Je vhodn√© to zviditeƒæni≈• v mojich aktivit√°ch,24.08.2025,"Poƒças pr√≠pravy STHDF 2025-2025 so pri≈°iel na to, ≈æe to m√°m zaradi≈• do osnov",,,,,,,,,
K000060,User Guide,Export Draw.io diagramu do A4 PNG,done md,Ako na to?,done,Ako pripravi≈• Drawio ob√°zok aby sa v≈ædy vmestil na A4 form√°t?,24.08.2025,,,,,,,,,,
K000061,Security concept,Passkey ako bezpeƒçnostn√Ω koncept,new,Explanation,,Ako funguje keypass?,,,,,,,,,,,
K000062,Docusaurus Concept,K000062 ‚Äì Docusaurus slugy a routing,new,Explanation,,Ako funguj√∫ SLUGS v Docusaurus,,,,,,,,,,,
